{
  "Accuracy": 0.7764705882352941,
  "Precision_macro": 0.6896599777034559,
  "Recall_macro": 0.6198489010989011,
  "F1_macro": 0.6403013357800591
}