{
  "MAE": 72.34865801226783,
  "RMSE": 80.84040478746404,
  "MAPE_%": 147.73437741002783
}